"full_name","country","city","total_amount_spent","total_number_of_rent","first_rental_date","most_recent_rental_date","rental_month"
"Eleanor Hunt","Runion","Saint-Denis","211.55","45","2005-06-15 22:02:35","2005-08-23 05:57:04","3"
"Karl Seal","United States","Cape Coral","208.58","42","2005-06-15 06:13:45","2005-08-23 22:21:03","3"
"Marion Snyder","Brazil","Santa Brbara dOeste","194.61","39","2005-06-15 09:03:52","2006-02-14 15:16:03","4"
"Rhonda Kennedy","Netherlands","Apeldoorn","191.62","38","2005-06-18 20:24:23","2005-08-23 21:56:04","3"
"Clara Shaw","Belarus","Molodetno","189.60","40","2005-06-16 21:15:22","2005-08-23 12:43:30","3"
"Tommy Collazo","Iran","Qomsheh","183.63","37","2005-06-17 02:50:51","2005-08-23 14:52:50","3"
"Ana Bradley","United States","Memphis","167.67","33","2005-06-16 08:32:36","2006-02-14 15:16:03","4"
"Curtis Irby","Canada","Richmond Hill","167.62","38","2005-06-15 22:57:34","2006-02-14 15:16:03","4"
"Marcia Dean","Philippines","Tanza","166.61","39","2005-06-15 06:54:53","2006-02-14 15:16:03","4"
"Mike Way","India","Valparai","162.67","33","2005-06-15 03:35:16","2005-08-22 23:27:43","3"
"Arnold Havens","Philippines","Santa Rosa","161.68","32","2005-06-15 08:44:09","2005-08-23 18:06:54","3"
"Wesley Bull","Spain","Ourense (Orense)","158.65","35","2005-06-15 16:29:51","2005-08-23 15:46:33","3"
"Gordon Allard","Yemen","Hodeida","157.69","31","2005-06-15 06:13:57","2005-08-21 10:45:01","3"
"Louis Leone","Philippines","Tanauan","156.66","34","2005-06-15 20:54:55","2006-02-14 15:16:03","4"
"Tim Cary","India","Bijapur","154.66","34","2005-06-15 03:53:13","2005-08-23 22:24:39","3"
"Lena Jensen","India","Halisahar","152.71","29","2005-06-16 08:46:26","2005-08-23 09:52:55","3"
"Warren Sherrod","Russian Federation","Usolje-Sibirskoje","152.69","31","2005-06-16 18:13:43","2005-08-23 21:17:17","3"
"Steve Mackenzie","Indonesia","Probolinggo","152.68","32","2005-06-18 09:03:39","2005-08-23 05:08:58","3"
"Brittany Riley","Ukraine","Sumy","151.73","27","2005-06-15 10:55:17","2005-08-23 19:59:33","3"
"Guy Brownlee","China","Zhoushan","151.69","31","2005-06-15 04:18:37","2006-02-14 15:16:03","4"
"June Carroll","Algeria","Skikda","151.68","32","2005-06-15 08:55:01","2005-08-23 18:36:44","3"
"Neil Renner","Vietnam","Cam Ranh","149.69","31","2005-06-16 12:40:23","2006-02-14 15:16:03","4"
"Tammy Sanders","Taiwan","Changhwa","149.61","39","2005-06-17 06:00:23","2006-02-14 15:16:03","4"
"Tonya Chapman","India","Bhilwara","147.71","29","2005-06-15 02:06:28","2005-08-23 02:51:27","3"
"Jacqueline Long","Thailand","Songkhla","146.68","32","2005-06-16 08:35:39","2005-08-23 18:45:06","3"
"Michelle Clark","Bangladesh","Tangail","146.68","32","2005-06-18 04:08:50","2006-02-14 15:16:03","4"
"Jessica Hall","Holy See (Vatican City State)","Citt del Vaticano","146.68","32","2005-06-15 18:53:14","2005-08-23 11:16:29","3"
"Stacey Montgomery","China","Fuyu","146.67","33","2005-06-19 19:58:16","2006-02-14 15:16:03","4"
"Arthur Simpkins","Russian Federation","Maikop","145.70","30","2005-06-17 11:07:06","2005-08-23 15:15:19","3"
"Brandon Huey","Turkey","Balikesir","145.64","36","2005-06-15 16:30:22","2006-02-14 15:16:03","4"
"Diane Collins","Sudan","Omdurman","144.70","30","2005-06-15 03:38:53","2005-08-23 21:25:03","3"
"Ralph Madrigal","Puerto Rico","Arecibo","144.68","32","2005-06-15 21:48:35","2005-08-22 19:56:41","3"
"Roger Quintanilla","Taiwan","Hsichuh","144.66","34","2005-06-16 09:42:48","2005-08-23 18:50:54","3"
"Duane Tubbs","Nauru","Yangor","143.70","30","2005-06-16 06:25:35","2005-08-23 04:20:16","3"
"Alex Gresham","Mexico","Uruapan","143.68","32","2005-06-16 09:14:58","2005-08-23 06:55:26","3"
"Ryan Salisbury","Latvia","Daugavpils","142.70","30","2005-06-16 14:11:52","2005-08-23 04:51:52","3"
"Shawn Heaton","Thailand","Nakhon Sawan","142.69","31","2005-06-16 01:11:25","2005-08-22 22:21:35","3"
"Margie Wade","China","Lengshuijiang","142.67","33","2005-06-15 06:15:36","2006-02-14 15:16:03","4"
"Marsha Douglas","Mozambique","Beira","142.66","34","2005-06-19 03:08:51","2005-08-23 19:51:29","3"
"Debra Nelson","Brazil","Vila Velha","141.71","29","2005-06-16 07:49:08","2005-08-22 12:51:38","3"
"Lori Wood","India","Rae Bareli","141.69","31","2005-06-18 02:19:21","2005-08-23 22:18:51","3"
"Nicholas Barfield","Brazil","Belm","140.69","31","2005-06-15 18:24:10","2005-08-22 06:17:12","3"
"Roy Whiting","Kenya","Nyeri","139.72","28","2005-06-15 18:16:24","2005-08-22 20:44:55","3"
"Harry Arce","Iran","Najafabad","139.69","31","2005-06-15 00:56:45","2005-08-23 00:31:09","3"
"Sherry Marshall","Egypt","Shubra al-Khayma","139.69","31","2005-06-15 00:36:50","2005-08-23 21:52:56","3"
"Janice Ward","Sweden","Malm","139.67","33","2005-06-15 04:34:27","2005-08-23 06:23:26","3"
"Tanya Gilbert","South Korea","Naju","138.69","31","2005-06-15 22:00:45","2005-08-23 18:28:09","3"
"Angela Hernandez","Japan","Shimonoseki","138.65","35","2005-06-19 10:38:42","2006-02-14 15:16:03","4"
"Wanda Patterson","Colombia","Sincelejo","137.72","28","2005-06-16 04:12:25","2006-02-14 15:16:03","4"
"Marilyn Ross","Nigeria","Ife","137.70","30","2005-06-19 05:48:26","2006-02-14 15:16:03","4"
"Alexander Fennell","Italy","Bergamo","137.67","33","2005-06-15 06:59:39","2005-08-23 21:27:35","3"
"Jimmie Eggleston","Poland","Wroclaw","135.72","28","2005-06-17 09:19:52","2005-08-21 06:53:53","3"
"Ramon Choate","Ecuador","Robamba","135.70","30","2005-06-16 11:54:55","2005-08-22 19:28:04","3"
"Morris Mccarter","Taiwan","Fengshan","135.68","32","2005-06-15 14:21:00","2006-02-14 15:16:03","4"
"Kent Arsenault","Brazil","Juiz de Fora","134.73","27","2005-06-15 17:51:27","2005-08-20 15:05:42","3"
"Alvin Deloach","Mexico","Cuauhtmoc","134.72","28","2005-06-16 15:59:44","2005-08-23 15:19:15","3"
"Zachary Hite","United States","Akron","134.71","29","2005-06-17 04:35:52","2006-02-14 15:16:03","4"
"Sylvia Ortiz","Colombia","Dos Quebradas","134.70","30","2005-06-15 14:49:54","2006-02-14 15:16:03","4"
"Ella Oliver","Yemen","Aden","134.70","30","2005-06-15 00:33:04","2005-08-23 18:48:40","3"
"Rosemary Schmidt","Turkey","Usak","134.69","31","2005-06-15 10:49:17","2005-08-22 23:48:56","3"
"Helen Harris","India","Bhopal","134.68","32","2005-06-18 21:26:56","2006-02-14 15:16:03","4"
"Elizabeth Brown","Taiwan","Nantou","134.65","35","2005-06-15 22:03:14","2006-02-14 15:16:03","4"
"Joe Gilliland","Philippines","Imus","133.72","28","2005-06-15 01:42:46","2006-02-14 15:16:03","4"
"Stanley Scroggins","Japan","Omiya","133.71","29","2005-06-15 22:19:37","2005-08-22 19:28:02","3"
"Bernice Willis","Turkey","Batman","133.70","30","2005-06-15 22:25:26","2005-08-23 22:14:31","3"
"Sue Peters","China","Changzhou","133.68","32","2005-06-15 00:15:15","2005-08-23 04:12:52","3"
"Jennie Terry","Czech Republic","Olomouc","132.72","28","2005-06-17 13:06:56","2005-08-22 05:59:59","3"
"Jessie Milam","China","Binzhou","132.70","30","2005-06-15 17:57:04","2006-02-14 15:16:03","4"
"Russell Brinson","Poland","Tychy","132.65","35","2005-06-17 02:03:22","2005-08-23 12:33:00","3"
"Greg Robins","Vietnam","Nam Dinh","131.74","26","2005-06-15 15:49:01","2006-02-14 15:16:03","4"
"Karen Jackson","Turkey","Osmaniye","131.73","27","2005-06-17 06:54:42","2005-08-22 20:51:24","3"
"Ethel Webb","South Africa","Boksburg","131.69","31","2005-06-15 21:17:58","2005-08-22 10:14:39","3"
"Catherine Campbell","Russian Federation","Moscow","131.69","31","2005-06-14 23:17:03","2005-08-23 12:47:26","3"
"Linda Williams","Greece","Athenai","130.76","24","2005-06-16 01:34:05","2005-08-23 07:10:14","3"
"Priscilla Lowe","Mexico","Salamanca","130.72","28","2005-07-06 02:46:13","2005-08-23 12:50:00","2"
"Maria Miller","Yugoslavia","Kragujevac","130.72","28","2005-06-16 21:06:00","2005-08-21 04:49:48","3"
"Brett Cornwell","India","Siliguri (Shiliguri)","130.70","30","2005-06-16 12:50:01","2005-08-23 22:06:34","3"
"Harold Martino","Brazil","Boa Vista","130.68","32","2005-06-18 01:29:51","2005-08-23 17:09:31","3"
"Casey Mena","Turkey","Tokat","130.68","32","2005-06-16 08:26:56","2005-08-21 07:13:46","3"
"Rosa Reynolds","United States","Lancaster","129.72","28","2005-06-16 23:05:36","2005-08-23 12:47:05","3"
"Jordan Archuleta","Argentina","Avellaneda","129.71","29","2005-06-15 07:32:24","2006-02-14 15:16:03","4"
"Crystal Ford","Israel","Ashdod","129.70","30","2005-06-15 03:21:00","2005-08-23 21:59:26","3"
"Regina Berry","China","Jinchang","129.68","32","2005-06-15 03:38:49","2006-02-14 15:16:03","4"
"Roberto Vu","China","Yinchuan","128.73","27","2005-06-15 12:51:03","2005-08-23 21:49:22","3"
"Glenda Frazier","China","Qinhuangdao","128.71","29","2005-06-15 09:56:02","2005-08-22 08:06:00","3"
"Gladys Hamilton","Nigeria","Ilorin","128.71","29","2005-06-15 16:22:38","2005-08-23 22:43:07","3"
"Sara Perry","Mexico","Atlixco","128.70","30","2005-06-15 01:37:38","2005-08-22 18:16:50","3"
"Alma Austin","Germany","Mannheim","128.69","31","2005-06-15 00:45:21","2005-08-23 20:10:13","3"
"Bessie Morrison","Italy","Syrakusa","127.73","27","2005-06-15 14:29:14","2005-08-22 12:53:22","3"
"Miguel Betancourt","Germany","Erlangen","127.73","27","2005-06-15 10:18:34","2006-02-14 15:16:03","4"
"Debbie Reyes","Japan","Fukuyama","127.69","31","2005-06-15 05:05:07","2005-08-23 19:45:25","3"
"Mitchell Westmoreland","Vietnam","Nha Trang","127.69","31","2005-06-15 17:05:36","2005-08-23 18:59:33","3"
"Martha Gonzalez","Moldova","Chisinau","127.66","34","2005-06-15 05:55:40","2005-08-23 11:55:50","3"
"Jeanne Lawson","Turkmenistan","Ashgabat","126.74","26","2005-06-15 09:23:59","2006-02-14 15:16:03","4"
"Jamie Rice","United States","Sterling Heights","126.73","27","2005-06-15 02:31:12","2005-08-23 15:36:05","3"
"Troy Quigley","Canada","Vancouver","126.73","27","2005-06-18 07:36:46","2005-08-23 13:10:16","3"
"Terri Vasquez","Brazil","Blumenau","126.73","27","2005-06-17 02:27:03","2005-08-23 10:36:00","3"
"Tracy Cole","Mexico","Huixquilucan","126.72","28","2005-06-15 14:45:48","2006-02-14 15:16:03","4"
"Grace Ellis","Germany","Duisburg","126.70","30","2005-06-17 15:36:12","2006-02-14 15:16:03","4"
"Maurice Crawley","Mexico","Coatzacoalcos","125.74","26","2005-06-20 12:49:55","2005-08-23 16:42:53","3"
"Bradley Motley","India","Purnea (Purnia)","125.74","26","2005-06-16 14:10:15","2005-08-22 01:32:14","3"
"Daisy Bates","Russian Federation","Kolpino","125.72","28","2005-07-05 23:59:15","2006-02-14 15:16:03","3"
"Joanne Robertson","Japan","Urawa","125.68","32","2005-06-18 00:06:04","2005-08-23 20:53:20","3"
"Justin Ngo","Brazil","Santo Andr","125.67","33","2005-06-15 21:48:18","2006-02-14 15:16:03","4"
"Janet Phillips","Chile","Antofagasta","124.74","26","2005-06-16 20:41:57","2005-08-23 22:13:04","3"
"Julia Flores","Argentina","La Plata","124.71","29","2005-06-15 06:05:18","2005-08-23 15:38:34","3"
"Elsie Kelley","Nigeria","Ikerre","124.68","32","2005-06-18 01:12:22","2005-08-23 00:27:18","3"
"Carrie Porter","China","Liaocheng","124.66","34","2005-06-16 15:34:41","2005-08-22 06:46:59","3"
"John Farnsworth","India","Parbhani","123.74","26","2005-07-06 13:27:33","2006-02-14 15:16:03","3"
"Patricia Johnson","United States","San Bernardino","123.74","26","2005-06-17 20:54:58","2005-08-23 17:39:35","3"
"Leslie Seward","Indonesia","Pontianak","123.72","28","2005-06-15 19:13:45","2005-08-23 10:02:46","3"
"Billy Poulin","Philippines","Cabuyao","123.71","29","2005-06-15 03:03:33","2005-08-23 15:09:17","3"
"Alice Stewart","United States","Fontana","123.70","30","2005-06-15 14:48:04","2005-08-22 04:31:50","3"
"Shirley Allen","Philippines","Davao","123.70","30","2005-06-15 10:11:42","2005-08-22 10:00:04","3"
"Melissa King","Taiwan","Lungtan","123.66","34","2005-06-17 02:39:20","2005-08-23 15:17:14","3"
"Eddie Tomlin","Philippines","Ozamis","122.74","26","2005-06-15 03:45:35","2005-08-22 22:37:34","3"
"Tina Simmons","Brazil","Goinia","122.74","26","2005-06-17 17:17:19","2005-08-22 07:53:14","3"
"Javier Elrod","Chad","NDjamna","122.72","28","2005-06-16 14:25:09","2005-08-23 21:27:11","3"
"Cathy Spencer","Japan","Kakamigahara","122.71","29","2005-06-15 07:00:50","2006-02-14 15:16:03","4"
"Viola Hanson","Philippines","Lapu-Lapu","122.70","30","2005-06-15 01:04:22","2006-02-14 15:16:03","4"
"Jorge Olivares","Indonesia","Lhokseumawe","122.69","31","2005-06-16 16:54:03","2005-08-23 21:46:47","3"
"Milton Howland","India","Vijayawada","121.77","23","2005-06-16 10:12:57","2006-02-14 15:16:03","4"
"Gilbert Sledge","United Kingdom","York","121.73","27","2005-06-18 00:47:43","2006-02-14 15:16:03","4"
"Lynn Payne","Malawi","Lilongwe","121.73","27","2005-06-15 17:09:48","2005-08-23 14:31:50","3"
"Barry Lovelace","Zambia","Kitwe","121.70","30","2005-06-15 18:26:29","2006-02-14 15:16:03","4"
"Jim Rea","Mexico","El Fuerte","121.70","30","2005-06-15 02:08:04","2005-08-23 08:31:49","3"
"Nathan Runyon","Virgin Islands, U.S.","Charlotte Amalie","121.69","31","2005-06-17 19:57:46","2005-08-21 17:45:52","3"
"Rick Mattox","Egypt","Mit Ghamr","120.75","25","2005-06-15 01:48:58","2005-08-23 09:41:28","3"
"Dana Hart","Russian Federation","Kirovo-Tepetsk","120.74","26","2005-06-15 08:41:13","2005-08-23 20:20:23","3"
"Alfred Casillas","Egypt","Sawhaj","120.74","26","2005-06-15 22:08:06","2005-08-23 12:46:38","3"
"Marc Outlaw","Italy","Brindisi","120.71","29","2005-06-15 13:13:59","2005-08-23 06:00:28","3"
"Thelma Murray","Peru","Lima","120.70","30","2005-06-15 03:01:20","2005-08-21 19:51:09","3"
"Cheryl Murphy","India","Mysore","119.76","24","2005-06-15 07:29:59","2005-08-23 17:33:04","3"
"Alan Kahn","China","Emeishan","119.75","25","2005-06-16 17:51:01","2005-08-23 21:11:33","3"
"Hector Poindexter","Russian Federation","Pjatigorsk","119.74","26","2005-06-20 16:47:57","2005-08-23 08:59:12","3"
"Gertrude Castillo","Greenland","Nuuk","119.72","28","2005-06-17 07:51:26","2005-08-23 07:25:29","3"
"Charles Kowalski","Malaysia","Sungai Petani","119.72","28","2005-07-06 15:23:56","2005-08-23 16:19:14","2"
"Kathryn Coleman","Ukraine","Simferopol","118.76","24","2005-06-15 18:38:51","2005-08-23 03:12:54","3"
"Stephanie Mitchell","Armenia","Yerevan","118.75","25","2005-06-19 03:24:17","2006-02-14 15:16:03","4"
"Tracy Herrmann","Ecuador","Loja","118.75","25","2005-06-15 18:45:32","2005-08-23 20:28:32","3"
"Jaime Nettles","Peru","Hunuco","118.73","27","2005-06-15 20:27:02","2005-08-23 16:50:43","3"
"Virginia Green","France","Toulouse","118.70","30","2005-06-16 04:09:08","2005-08-21 22:25:09","3"
"Marjorie Tucker","Poland","Jastrzebie-Zdrj","118.70","30","2005-06-19 00:19:21","2005-08-23 15:25:27","3"
"Joy George","Romania","Botosani","118.69","31","2005-06-15 20:48:22","2005-08-21 08:38:21","3"
"Marshall Thorn","United Kingdom","Southampton","117.77","23","2005-06-15 18:19:30","2005-08-21 06:00:22","3"
"Miriam Mckinney","Japan","Otsu","117.77","23","2005-07-07 00:26:05","2005-08-23 02:06:41","2"
"Perry Swafford","Argentina","Quilmes","117.76","24","2005-06-15 12:29:41","2006-02-14 15:16:03","4"
"Nathaniel Adam","United States","Joliet","117.75","25","2005-06-19 14:51:55","2005-08-23 21:44:27","3"
"Lee Hawks","India","Pudukkottai","117.75","25","2005-06-16 12:39:51","2006-02-14 15:16:03","4"
"Byron Box","Kazakstan","Zhezqazghan","117.72","28","2005-06-16 06:55:10","2005-08-19 11:27:20","3"
"Joyce Edwards","Saudi Arabia","Jedda","116.76","24","2005-06-14 23:16:26","2005-08-21 20:02:18","3"
"Valerie Black","United States","Brockton","116.75","25","2005-06-15 23:58:53","2005-08-23 05:04:33","3"
"Terry Carlson","Japan","Miyakonojo","116.74","26","2005-06-15 15:03:15","2005-08-22 17:12:29","3"
"Hilda Hopkins","Philippines","Mandaluyong","116.73","27","2005-06-17 20:54:36","2006-02-14 15:16:03","4"
"Naomi Jennings","India","Karnal","116.73","27","2005-07-06 01:24:38","2006-02-14 15:16:03","3"
"Kathy James","Philippines","Baybay","116.72","28","2005-06-17 02:38:28","2005-08-23 20:44:36","3"
"Gerald Fultz","India","Satna","116.71","29","2005-06-15 16:59:46","2005-08-23 12:47:16","3"
"Gloria Cook","French Polynesia","Papeete","115.74","26","2005-06-16 20:09:01","2006-02-14 15:16:03","4"
"Cecil Vines","United Kingdom","London","115.74","26","2005-06-15 00:28:37","2006-02-14 15:16:03","4"
"Erik Guillen","India","Bhimavaram","115.72","28","2005-06-15 04:21:52","2005-08-22 19:46:05","3"
"Philip Causey","Russian Federation","Korolev","115.71","29","2005-06-16 06:41:35","2005-08-23 22:50:12","3"
"Veronica Stone","United States","Greensboro","115.70","30","2005-06-15 15:13:10","2005-08-23 14:26:51","3"
"Dianne Shelton","Iran","Tabriz","114.76","24","2005-07-08 00:34:25","2006-02-14 15:16:03","3"
"Teresa Rogers","Japan","Iwakuni","114.74","26","2005-06-16 02:19:02","2005-08-23 05:20:36","3"
"Salvador Teel","Gambia","Banjul","114.73","27","2005-06-15 18:35:40","2005-08-23 07:06:00","3"
"Patsy Davidson","Ecuador","Portoviejo","114.73","27","2005-06-16 02:46:28","2005-08-23 17:57:35","3"
"Craig Morrell","Philippines","Cavite","114.72","28","2005-06-15 08:00:13","2006-02-14 15:16:03","4"
"Florence Woods","Argentina","Merlo","114.72","28","2005-06-15 05:07:32","2006-02-14 15:16:03","4"
"Mary Smith","Japan","Sasebo","114.70","30","2005-06-15 00:54:12","2005-08-22 20:03:46","3"
"Don Bone","Mozambique","Naala-Porto","113.77","23","2005-07-07 05:30:56","2005-08-23 02:40:04","2"
"Christopher Greco","Italy","Brescia","113.75","25","2005-07-06 16:27:43","2005-08-22 23:58:09","2"
"Michael Silverman","China","Tiefa","113.74","26","2005-07-08 10:26:02","2005-08-23 20:22:17","2"
"Nora Herrera","Austria","Salzburg","113.74","26","2005-06-15 08:16:06","2005-08-22 21:06:00","3"
"Amber Dixon","Taiwan","Touliu","113.73","27","2005-06-14 23:42:56","2005-08-23 12:12:05","3"
"Dave Gardiner","China","Leshan","113.73","27","2005-06-15 20:37:51","2005-08-23 21:48:54","3"
"Jeffery Pinson","Pakistan","Dadu","113.72","28","2005-06-14 22:53:33","2005-08-23 12:55:51","3"
"George Linton","Brazil","Sorocaba","113.71","29","2005-07-06 00:52:35","2005-08-23 21:37:59","2"
"Christy Vargas","China","Datong","113.70","30","2005-06-16 07:49:47","2005-08-21 17:59:09","3"
"Tyrone Asher","Bulgaria","Ruse","112.76","24","2005-06-15 06:56:39","2005-08-23 19:13:46","3"
"Andy Vanhorn","Mexico","Huejutla de Reyes","112.76","24","2005-06-16 14:55:53","2006-02-14 15:16:03","4"
"Ashley Richardson","United States","Lincoln","112.75","25","2005-06-16 21:30:34","2005-08-22 17:30:25","3"
"Amy Lopez","India","Jhansi","112.74","26","2005-06-17 03:53:18","2005-08-21 16:32:32","3"
"Monica Hicks","Ukraine","Mukateve","112.73","27","2005-06-16 09:12:53","2005-08-23 22:20:40","3"
"Clyde Tobias","China","Shaoguan","112.72","28","2005-06-16 11:57:34","2005-08-19 09:36:28","3"
"Calvin Martel","Venezuela","Maracabo","111.77","23","2005-06-19 23:08:50","2005-08-23 07:25:38","3"
"Jerry Jordon","Japan","Onomichi","111.76","24","2005-07-06 06:15:35","2006-02-14 15:16:03","3"
"Arlene Harvey","India","Ambattur","111.76","24","2005-06-18 03:39:56","2005-08-21 12:07:25","3"
"Clifton Malcolm","Taiwan","Tanshui","111.74","26","2005-06-18 16:06:14","2005-08-23 20:47:28","3"
"Cindy Fisher","Venezuela","Cuman","111.73","27","2005-06-17 16:46:11","2005-08-23 13:18:16","3"
"Audrey Ray","Austria","Graz","111.73","27","2005-06-15 01:04:07","2005-08-23 21:10:24","3"
"Daryl Larue","Iraq","Mosul","111.73","27","2005-06-18 17:37:45","2006-02-14 15:16:03","4"
"Terrance Roush","Hungary","Szkesfehrvr","111.71","29","2005-06-14 23:12:46","2006-02-14 15:16:03","4"
"Carolyn Perez","Thailand","Pak Kret","111.71","29","2005-06-16 00:49:32","2006-02-14 15:16:03","4"
"Holly Fox","India","Haldia","111.71","29","2005-06-15 01:18:39","2006-02-14 15:16:03","4"
"Jamie Waugh","Japan","Kuwana","110.77","23","2005-06-20 07:57:54","2005-08-22 21:36:51","3"
"Myrtle Fleming","Dominican Republic","Santiago de los Caballeros","110.76","24","2005-06-16 16:38:10","2005-08-22 04:31:37","3"
"Charlie Bess","China","Baiyin","110.76","24","2005-06-17 16:40:03","2006-02-14 15:16:03","4"
"Andre Rapp","Chile","Coquimbo","110.74","26","2005-06-15 05:08:40","2005-08-22 18:55:52","3"
"Gina Williamson","Yemen","Taizz","110.73","27","2005-06-15 21:41:38","2006-02-14 15:16:03","4"
"Michele Grant","China","Yuncheng","110.73","27","2005-06-17 09:09:31","2005-08-23 11:16:16","3"
"Ruby Washington","China","Meixian","110.72","28","2005-06-17 13:24:43","2005-08-23 09:16:39","3"
"Everett Banda","Egypt","Bilbays","110.72","28","2005-06-19 04:34:15","2005-08-23 16:33:33","3"
"Terrence Gunderson","China","Jinzhou","110.71","29","2005-06-14 23:47:35","2005-08-23 21:26:35","3"
"Heidi Larson","China","Xiangfan","110.68","32","2005-06-18 17:47:34","2005-08-23 13:14:15","3"
"Fernando Churchill","South Korea","Tonghae","109.77","23","2005-06-16 04:31:57","2005-08-23 20:08:26","3"
"Beatrice Arnold","India","Udaipur","109.77","23","2005-06-17 20:24:00","2005-08-23 04:27:06","3"
"Isaac Oglesby","Mexico","Cuernavaca","109.76","24","2005-06-15 21:54:20","2005-08-23 15:59:51","3"
"Charlene Alvarez","Tanzania","Zanzibar","109.75","25","2005-06-16 22:35:20","2005-08-23 10:32:52","3"
"Clifford Bowens","Russian Federation","Nabereznyje Telny","109.73","27","2005-06-15 04:04:09","2005-08-23 21:59:57","3"
"Randy Gaither","Russian Federation","Kurgan","109.73","27","2005-06-15 02:30:03","2005-08-22 22:30:50","3"
"Ted Breaux","China","Baicheng","109.73","27","2005-06-15 10:21:45","2005-08-22 21:01:25","3"
"Todd Tan","Ukraine","Kamjanets-Podilskyi","109.72","28","2005-06-16 04:51:13","2005-08-23 19:06:04","3"
"Theodore Culp","India","Uluberia","109.72","28","2005-06-18 04:59:48","2005-08-23 19:10:32","3"
"Herman Devore","Tanzania","Mwanza","109.72","28","2005-06-14 23:35:09","2005-08-21 17:15:33","3"
"Kyle Spurlock","China","Shanwei","109.71","29","2005-06-20 12:38:49","2006-02-14 15:16:03","4"
"Sonia Gregory","Nigeria","Benin City","108.78","22","2005-07-06 03:33:23","2006-02-14 15:16:03","3"
"Eduardo Hiatt","China","Jining","108.77","23","2005-06-16 00:52:51","2005-08-22 07:54:47","3"
"Seth Hannon","Bahrain","al-Manama","108.76","24","2005-06-15 20:00:11","2006-02-14 15:16:03","4"
"Olga Jimenez","Nigeria","Ogbomosho","108.76","24","2005-07-06 11:55:35","2005-08-22 21:05:50","2"
"Raymond Mcwhorter","Azerbaijan","Sumqayit","108.75","25","2005-07-06 08:11:48","2006-02-14 15:16:03","3"
"Gabriel Harder","Turkey","Sivas","108.75","25","2005-06-16 02:01:37","2005-08-23 00:28:16","3"
"Julian Vest","Japan","Akishima","108.73","27","2005-06-16 02:35:03","2005-08-22 16:53:29","3"
"Minnie Romero","Indonesia","Ciomas","108.72","28","2005-06-14 23:00:34","2005-08-20 22:34:34","3"
"Sally Pierce","India","Chandrapur","108.71","29","2005-06-15 17:44:57","2005-08-23 17:52:01","3"
"Mae Fletcher","Spain","Donostia-San Sebastin","107.79","21","2005-07-06 19:35:55","2005-08-23 09:18:52","2"
"Johnnie Chisholm","Poland","Plock","107.78","22","2005-06-15 06:11:16","2005-08-23 15:35:59","3"
"Jesus Mccartney","Brazil","Guaruj","107.77","23","2005-06-15 12:26:21","2005-08-22 20:35:30","3"
"Sandra Martin","United Kingdom","Southend-on-Sea","107.76","24","2005-06-17 07:04:57","2005-08-21 14:45:34","3"
"Stephen Qualls","Bangladesh","Dhaka","107.74","26","2005-07-07 06:20:52","2005-08-22 16:37:36","2"
"Lucille Holmes","South Africa","Soshanguve","107.73","27","2005-06-18 06:29:52","2005-08-21 10:15:20","3"
"Mario Cheatham","Algeria","Batna","107.73","27","2005-06-16 06:12:40","2006-02-14 15:16:03","4"
"Marion Ocampo","China","Weifang","107.73","27","2005-06-17 03:35:59","2005-08-22 16:37:32","3"
"Darlene Rose","North Korea","Pyongyang","107.71","29","2005-06-18 11:30:56","2005-08-22 07:04:25","3"
"Maxine Silva","Brazil","Poos de Caldas","107.70","30","2005-06-15 08:33:06","2005-08-23 13:25:08","3"
"Jeff East","Dominican Republic","San Felipe de Puerto Plata","107.70","30","2005-06-19 20:32:19","2005-08-23 19:21:22","3"
"Lois Butler","Brunei","Bandar Seri Begawan","107.66","34","2005-06-15 09:34:50","2006-02-14 15:16:03","4"
"Dan Paine","United Kingdom","Stockport","106.79","21","2005-06-16 14:29:59","2005-08-23 18:23:30","3"
"Douglas Graf","Mexico","Mexicali","106.77","23","2005-06-16 01:42:24","2005-08-23 20:04:41","3"
"Marlene Welch","Japan","Iwaki","106.77","23","2005-06-18 01:47:07","2005-08-23 08:06:49","3"
"Gail Knight","Switzerland","Bern","106.76","24","2005-06-15 23:55:27","2006-02-14 15:16:03","4"
"Claudia Fuller","Kuwait","Jalib al-Shuyukh","106.75","25","2005-06-15 05:09:01","2006-02-14 15:16:03","4"
"Dean Sauer","South Africa","Johannesburg","106.74","26","2005-06-15 19:13:51","2005-08-23 08:34:53","3"
"Victoria Gibson","Indonesia","Pemalang","106.74","26","2005-06-15 11:36:01","2005-08-22 04:44:09","3"
"Bill Gavin","United States","Rockford","106.73","27","2005-06-15 19:36:39","2006-02-14 15:16:03","4"
"Erin Dunn","Russian Federation","Ljubertsy","106.73","27","2005-06-18 09:03:19","2005-08-23 21:49:33","3"
"Sarah Lewis","Latvia","Liepaja","106.73","27","2005-06-19 16:44:35","2006-02-14 15:16:03","4"
"Julie Sanchez","Spain","A Corua (La Corua)","106.72","28","2005-06-15 01:38:31","2006-02-14 15:16:03","4"
"Hazel Warren","China","Hohhot","106.68","32","2005-06-15 10:26:23","2005-08-23 02:39:56","3"
"Eric Robert","Argentina","Santa F","105.78","22","2005-07-06 00:19:32","2005-08-23 03:30:51","2"
"Elaine Stevens","Russian Federation","Smolensk","105.78","22","2005-06-15 09:06:24","2005-08-23 11:40:30","3"
"Sam Mcduffie","Colombia","Sogamoso","105.78","22","2005-06-16 10:16:02","2005-08-23 00:55:24","3"
"Shelly Watts","United States","Dayton","105.77","23","2005-07-06 09:19:30","2005-08-23 15:34:46","2"
"Katie Elliott","Kenya","Kisumu","105.77","23","2005-06-15 11:03:24","2006-02-14 15:16:03","4"
"Jean Bell","Malaysia","Kuching","105.76","24","2005-06-18 01:33:09","2006-02-14 15:16:03","4"
"Bryan Hardison","United States","Dallas","105.76","24","2005-06-15 14:05:32","2005-08-23 20:23:08","3"
"Earl Shanks","Japan","Iwatsuki","105.74","26","2005-06-15 14:31:05","2005-08-22 16:15:33","3"
"Amanda Carter","Morocco","Nador","105.74","26","2005-06-18 20:28:31","2005-08-22 16:06:49","3"
"Diana Alexander","United States","Augusta-Richmond County","105.73","27","2005-06-15 07:11:39","2005-08-23 20:24:36","3"
"Marcus Hidalgo","Estonia","Tartu","105.72","28","2005-06-15 04:53:01","2005-08-23 14:55:47","3"
"Cynthia Young","India","Munger (Monghyr)","105.70","30","2005-06-15 04:58:07","2006-02-14 15:16:03","4"
"Carl Artis","Paraguay","San Lorenzo","104.79","21","2005-06-15 02:57:51","2005-08-23 04:28:25","3"
"Brent Harkins","Turkey","Sultanbeyli","104.78","22","2005-06-17 19:41:42","2006-02-14 15:16:03","4"
"Violet Rodriquez","Hong Kong","Kowloon and New Kowloon","104.76","24","2005-07-06 04:29:13","2005-08-22 05:03:59","2"
"Dolores Wagner","Malaysia","Ipoh","104.75","25","2005-06-16 11:06:09","2005-08-23 14:43:15","3"
"Josephine Gomez","India","Etawah","104.75","25","2005-06-16 08:16:05","2005-08-23 22:20:26","3"
"Dale Ratcliff","South Africa","Rustenburg","104.74","26","2005-06-16 13:04:42","2005-08-22 20:44:35","3"
"Brenda Wright","India","Kamarhati","104.74","26","2005-06-16 10:05:40","2005-08-23 14:58:06","3"
"Deborah Walker","Pakistan","Shikarpur","104.73","27","2005-06-15 12:17:34","2005-08-23 20:00:30","3"
"Jimmy Schrader","Russian Federation","Atinsk","104.72","28","2005-06-16 18:07:48","2005-08-22 11:17:37","3"
"Leroy Bustamante","China","Tongliao","104.71","29","2005-06-15 05:58:55","2005-08-22 16:35:25","3"
"Peter Menard","Netherlands","Ede","103.78","22","2005-06-15 23:57:20","2005-08-23 18:43:31","3"
"Ramona Hale","India","Patiala","103.77","23","2005-07-05 23:29:55","2006-02-14 15:16:03","3"
"Tracey Barrett","Nigeria","Owo","103.77","23","2005-07-08 07:48:12","2005-08-23 19:09:39","2"
"Kristin Johnston","United States","Sunnyvale","103.74","26","2005-06-15 07:55:43","2006-02-14 15:16:03","4"
"Carla Gutierrez","India","Bhusawal","103.74","26","2005-06-15 20:55:42","2005-08-23 13:22:56","3"
"Courtney Day","South Korea","Uijongbu","103.74","26","2005-06-15 15:02:03","2006-02-14 15:16:03","4"
"Manuel Murrell","Sri Lanka","Jaffna","103.73","27","2005-06-18 21:03:08","2005-08-23 13:06:19","3"
"Sharon Robinson","Pakistan","Mardan","103.73","27","2005-06-16 02:33:53","2005-08-23 01:10:42","3"
"Misty Lambert","United Arab Emirates","Sharja","102.78","22","2005-07-06 02:48:39","2005-08-22 12:38:20","2"
"Ben Easter","Russian Federation","Kamyin","102.77","23","2005-06-15 18:32:30","2005-08-22 10:46:44","3"
"Max Pitt","Yugoslavia","Novi Sad","102.77","23","2005-06-17 01:29:30","2005-08-23 02:48:24","3"
"Sergio Stanfield","Mexico","Celaya","102.76","24","2005-06-15 11:29:17","2006-02-14 15:16:03","4"
"Lillian Griffin","United Arab Emirates","al-Ayn","102.76","24","2005-06-15 13:53:32","2005-08-23 03:58:28","3"
"Yolanda Weaver","Tanzania","Tabora","102.75","25","2005-06-15 10:39:05","2006-02-14 15:16:03","4"
"Ellen Simpson","Brazil","Po","102.75","25","2005-06-21 21:01:57","2005-08-23 21:02:43","3"
"Marie Turner","Russian Federation","Lipetsk","101.79","21","2005-06-15 21:56:39","2006-02-14 15:16:03","4"
"Leo Ebert","China","Dongying","101.78","22","2005-06-16 20:59:35","2005-08-23 21:00:22","3"
"Robin Hayes","Russian Federation","Jelets","101.77","23","2005-06-15 03:23:48","2006-02-14 15:16:03","4"
"Rene Mcalister","United States","Garden Grove","101.76","24","2005-06-17 15:27:03","2005-08-21 19:35:59","3"
"Renee Lane","United States","Compton","101.72","28","2005-06-16 01:20:05","2005-08-22 09:49:32","3"
"Leonard Schofield","Argentina","Tandil","101.70","30","2005-06-15 10:23:08","2006-02-14 15:16:03","4"
"Glen Talbert","Mexico","Acua","100.77","23","2005-06-17 13:46:52","2005-08-21 06:44:37","3"
"Sidney Burleson","Poland","Czestochowa","100.76","24","2005-06-17 04:05:12","2005-08-20 08:59:38","3"
"Brad Mccurdy","Taiwan","Chungho","100.76","24","2005-06-16 09:34:45","2005-08-23 04:55:05","3"
"Vickie Brewer","Germany","Halle/Saale","100.75","25","2005-06-18 04:22:06","2006-02-14 15:16:03","4"
"Willie Howell","Argentina","Vicente Lpez","100.75","25","2005-06-18 17:12:01","2006-02-14 15:16:03","4"
"Juanita Mason","India","Pune","100.72","28","2005-06-15 07:42:58","2006-02-14 15:16:03","4"
"Ron Deluca","Japan","Isesaki","99.78","22","2005-06-17 07:42:45","2005-08-22 21:12:19","3"
"Lisa Anderson","Japan","Sagamihara","99.77","23","2005-06-15 20:53:07","2006-02-14 15:16:03","4"
"Evelyn Morgan","Liechtenstein","Vaduz","99.74","26","2005-06-17 15:34:41","2005-08-23 16:24:24","3"
"Sherri Rhodes","India","Ahmadnagar","99.74","26","2005-07-06 04:10:35","2005-08-23 10:43:00","2"
"Ken Prewitt","Romania","Bucuresti","99.73","27","2005-06-16 01:31:23","2005-08-23 15:45:42","3"
"Angel Barclay","Japan","Ueda","99.72","28","2005-06-17 19:35:26","2005-08-23 14:13:47","3"
"Tom Milner","United Arab Emirates","Abu Dhabi","99.71","29","2005-06-15 02:09:02","2006-02-14 15:16:03","4"
"Bobby Boudreau","Anguilla","South Hill","99.68","32","2005-06-15 16:31:08","2005-08-23 12:29:24","3"
"Ruth Martinez","South Africa","Kimberley","98.82","18","2005-06-19 10:42:59","2005-08-23 03:46:47","3"
"Frank Waggoner","Bangladesh","Jamalpur","98.77","23","2005-07-06 23:00:20","2005-08-22 19:54:31","2"
"Annette Olson","India","Allappuzha (Alleppey)","98.76","24","2005-06-15 21:54:31","2006-02-14 15:16:03","4"
"Clinton Buford","United States","Aurora","98.76","24","2005-06-15 19:10:07","2006-02-14 15:16:03","4"
"Francis Sikes","Mexico","San Juan Bautista Tuxtepec","98.75","25","2005-06-21 05:35:52","2005-08-23 22:12:44","3"
"Jeremy Hurtado","Brazil","Vitria de Santo Anto","98.75","25","2005-06-16 01:43:33","2006-02-14 15:16:03","4"
"Gwendolyn May","Japan","Higashiosaka","98.75","25","2005-06-14 23:16:27","2006-02-14 15:16:03","4"
"Ross Grey","Philippines","Iligan","98.74","26","2005-06-15 20:52:36","2005-08-23 18:54:32","3"
"Rose Howard","French Guiana","Cayenne","97.80","20","2005-06-18 00:08:20","2005-08-21 09:08:51","3"
"Adam Gooch","India","Adoni","97.80","20","2005-06-20 15:09:48","2005-08-21 13:41:14","3"
"Leon Bostic","Colombia","Florencia","97.79","21","2005-06-15 16:12:27","2005-08-23 19:14:07","3"
"Pedro Chestnut","Ukraine","ostka","97.78","22","2005-07-06 23:11:11","2005-08-22 19:23:58","2"
"Laurie Lawrence","India","Firozabad","97.78","22","2005-06-19 17:16:33","2006-02-14 15:16:03","4"
"Rodney Moeller","Nigeria","Deba Habe","97.78","22","2005-06-15 03:46:10","2005-08-21 20:49:21","3"
"Wallace Slone","Nigeria","Sokoto","97.78","22","2005-06-17 11:24:57","2005-08-23 17:16:30","3"
"Shannon Freeman","India","Varanasi (Benares)","97.77","23","2005-06-15 21:42:17","2005-08-23 13:51:57","3"
"Mabel Holland","Myanmar","Monywa","97.75","25","2005-06-16 02:17:07","2005-08-23 16:18:12","3"
"Virgil Wofford","Mexico","Jos Azueta","97.75","25","2005-06-17 08:52:01","2005-08-23 14:05:37","3"
"Carlos Coughlin","India","Bhavnagar","96.79","21","2005-06-15 15:20:06","2005-08-23 18:26:51","3"
"Nina Soto","India","Palghat (Palakkad)","96.79","21","2005-07-06 08:56:43","2005-08-22 15:49:54","2"
"Cassandra Walters","United States","Salinas","96.79","21","2005-07-07 07:20:29","2006-02-14 15:16:03","3"
"Louise Jenkins","South Africa","Springs","96.78","22","2005-06-15 13:13:49","2006-02-14 15:16:03","4"
"Albert Crouse","Cameroon","Bamenda","96.78","22","2005-06-15 21:58:00","2006-02-14 15:16:03","4"
"Vincent Ralston","Mexico","Allende","96.77","23","2005-06-18 04:54:29","2005-08-23 01:59:14","3"
"Betty White","United States","Citrus Heights","96.77","23","2005-06-15 13:32:15","2006-02-14 15:16:03","4"
"Velma Lucas","Nigeria","Effon-Alaiye","96.76","24","2005-07-06 04:38:50","2005-08-23 07:28:22","2"
"Micheal Forman","Argentina","Escobar","96.76","24","2005-07-07 03:03:33","2005-08-23 17:36:00","2"
"Edward Baugh","Faroe Islands","Trshavn","96.76","24","2005-07-07 08:17:13","2006-02-14 15:16:03","3"
"Melvin Ellington","China","Laohekou","96.75","25","2005-06-17 00:02:44","2006-02-14 15:16:03","4"
"Reginald Kinder","Indonesia","Madiun","96.75","25","2005-06-15 14:54:56","2005-08-23 15:54:20","3"
"Denise Kelly","Brazil","Rio Claro","96.74","26","2005-06-18 22:56:26","2005-08-23 22:26:47","3"
"Dwayne Olvera","India","Rajkot","95.80","20","2005-06-17 08:54:10","2005-08-23 09:53:30","3"
"Willard Lumpkin","Mexico","Carmen","95.79","21","2005-06-16 21:53:52","2005-08-23 08:34:10","3"
"Connie Wallace","Russian Federation","Ivanovo","95.79","21","2005-06-18 07:56:18","2005-08-22 14:27:37","3"
"Gary Coy","China","Yuzhou","95.78","22","2005-07-06 21:42:21","2006-02-14 15:16:03","3"
"Shane Millard","Mexico","La Paz","95.78","22","2005-06-16 09:51:39","2005-08-23 02:37:19","3"
"Darren Windham","Italy","Livorno","95.78","22","2005-06-17 10:34:59","2005-08-23 18:08:59","3"
"Stacy Cunningham","Colombia","Pereira","95.78","22","2005-06-19 13:31:52","2006-02-14 15:16:03","4"
"Ronnie Ricketts","Senegal","Ziguinchor","95.76","24","2005-06-15 08:41:52","2005-08-23 17:43:16","3"
"Walter Perryman","China","Xinxiang","95.76","24","2005-07-06 01:36:11","2005-08-21 23:24:52","2"
"Beth Franklin","Vietnam","Haiphong","95.76","24","2005-06-15 16:44:00","2006-02-14 15:16:03","4"
"Esther Crawford","South Africa","Botshabelo","95.72","28","2005-06-16 23:53:42","2005-08-23 16:30:55","3"
"Laura Rodriguez","Morocco","Sal","94.81","19","2005-06-21 17:18:01","2006-02-14 15:16:03","4"
"Nicole Peterson","India","Shivapuri","94.78","22","2005-06-16 22:04:34","2005-08-23 03:36:26","3"
"Danielle Daniels","Mexico","Hidalgo","94.78","22","2005-06-20 23:06:07","2005-08-21 19:47:55","3"
"Brandy Graves","United States","Warren","94.77","23","2005-07-06 10:51:28","2005-08-23 18:08:19","2"
"Dorothy Taylor","Iran","Esfahan","94.76","24","2005-06-16 20:21:53","2005-08-22 21:59:29","3"
"Geraldine Perkins","Israel","Tel Aviv-Jaffa","94.76","24","2005-06-17 01:02:00","2005-08-22 23:55:51","3"
"Suzanne Nichols","Indonesia","Jakarta","94.76","24","2005-06-18 03:33:58","2005-08-23 06:15:09","3"
"Carmen Owens","Venezuela","Caracas","94.75","25","2005-06-16 05:14:52","2006-02-14 15:16:03","4"
"Kevin Schuler","Nepal","Birgunj","93.83","17","2005-07-06 19:24:55","2005-08-23 16:56:14","2"
"Claude Herzog","Angola","Benguela","93.80","20","2005-06-17 02:45:10","2005-08-23 16:43:54","3"
"Edwin Burk","South Africa","Newcastle","93.80","20","2005-06-15 00:39:01","2005-08-23 10:56:15","3"
"Ronald Weiner","Mexico","San Felipe del Progreso","93.79","21","2005-07-07 07:06:03","2005-08-22 23:07:57","2"
"Francisco Skidmore","Brazil","So Leopoldo","93.79","21","2005-06-20 00:27:49","2005-08-23 03:23:32","3"
"Dawn Sullivan","Tuvalu","Funafuti","93.78","22","2005-06-16 19:49:18","2005-08-23 14:27:07","3"
"Joshua Mark","India","Rampur","93.78","22","2005-07-07 17:55:53","2006-02-14 15:16:03","3"
"Phillip Holm","Japan","Tama","93.76","24","2005-06-16 16:41:19","2005-08-23 02:06:01","3"
"Martin Bales","Angola","Namibe","93.75","25","2005-06-16 22:22:17","2005-08-23 16:44:25","3"
"Tamara Nguyen","Brazil","Anpolis","93.75","25","2005-06-18 01:59:16","2006-02-14 15:16:03","4"
"Nancy Thomas","India","Yamuna Nagar","93.74","26","2005-06-16 17:02:55","2005-08-23 20:28:44","3"
"Howard Fortner","Iran","Kermanshah","93.74","26","2005-06-19 03:07:32","2005-08-23 20:44:10","3"
"Frances Parker","Brazil","Juazeiro do Norte","92.81","19","2005-06-17 03:17:21","2005-08-23 15:39:18","3"
"Cody Nolen","Brazil","So Bernardo do Campo","92.80","20","2005-06-15 05:33:52","2005-08-23 06:48:47","3"
"Joseph Joy","Brazil","Angra dos Reis","92.80","20","2005-07-06 22:13:45","2005-08-23 03:03:53","2"
"Andrea Henderson","Madagascar","Mahajanga","92.79","21","2005-06-19 14:26:09","2005-08-23 16:45:28","3"
"Bruce Schwarz","Japan","Okinawa","92.79","21","2005-06-15 09:55:57","2005-08-21 12:51:49","3"
"Joel Francisco","Bolivia","Sucre","92.78","22","2005-06-16 02:41:30","2006-02-14 15:16:03","4"
"Chester Benner","China","Suihua","92.78","22","2005-06-15 08:21:39","2005-08-22 15:25:33","3"
"Elmer Noe","Cambodia","Battambang","92.76","24","2005-06-14 22:55:13","2006-02-14 15:16:03","4"
"Dustin Gillette","Netherlands","Emmen","92.75","25","2005-06-16 17:39:39","2006-02-14 15:16:03","4"
"Melanie Armstrong","Philippines","Bayugan","92.75","25","2005-06-16 00:31:40","2006-02-14 15:16:03","4"
"Carole Barnett","United States","Peoria","92.75","25","2005-07-07 21:14:19","2005-08-23 02:30:23","2"
"Ricardo Meador","Japan","Okayama","91.81","19","2005-06-16 06:58:02","2005-08-23 20:12:17","3"
"Rafael Abney","Philippines","Talavera","91.81","19","2005-06-16 20:17:20","2006-02-14 15:16:03","4"
"Wilma Richards","United States","Bellevue","91.80","20","2005-06-15 13:17:01","2005-08-23 18:05:10","3"
"Pamela Baker","China","Nanyang","91.79","21","2005-06-16 04:44:23","2005-08-23 22:08:04","3"
"Vicki Fields","Germany","Witten","91.78","22","2005-06-17 14:40:58","2005-08-23 20:06:04","3"
"Travis Estep","Saudi Arabia","al-Qatif","91.78","22","2005-06-17 06:04:16","2006-02-14 15:16:03","4"
"Sean Douglass","Ethiopia","Addis Abeba","91.77","23","2005-06-16 00:38:07","2005-08-21 11:51:10","3"
"Ivan Cromwell","Mexico","Monclova","91.75","25","2005-06-15 06:37:55","2006-02-14 15:16:03","4"
"Matthew Mahan","Mexico","Cuautla","91.75","25","2005-07-06 10:16:45","2005-08-23 11:30:32","2"
"Judith Cox","China","Daxian","91.70","30","2005-06-15 11:51:30","2006-02-14 15:16:03","4"
"Natalie Meyer","Brazil","Aparecida de Goinia","90.78","22","2005-06-15 20:32:08","2006-02-14 15:16:03","4"
"Deanna Byrd","Philippines","Tuguegarao","90.78","22","2005-06-16 17:48:37","2005-08-22 23:08:46","3"
"Emily Diaz","South Korea","Kimchon","90.77","23","2005-06-17 01:13:11","2006-02-14 15:16:03","4"
"Kelly Knott","China","Sanya","90.77","23","2005-06-15 00:42:17","2005-08-23 05:13:09","3"
"Kathleen Adams","Iran","Arak","90.75","25","2005-06-19 16:05:41","2005-08-23 08:42:40","3"
"Derek Blakely","Philippines","Gingoog","90.73","27","2005-06-20 18:39:43","2005-08-23 07:03:19","3"
"Hugh Waldrop","China","Haining","89.80","20","2005-06-18 09:24:50","2005-08-23 10:21:21","3"
"Beverly Brooks","Taiwan","Chiayi","89.78","22","2005-06-16 10:20:20","2006-02-14 15:16:03","4"
"Benjamin Varney","Mexico","Guadalajara","89.78","22","2005-06-16 15:12:52","2005-08-22 17:48:10","3"
"Andrew Purdy","Azerbaijan","Baku","89.78","22","2005-07-09 02:39:47","2005-08-22 19:59:42","2"
"Christine Roberts","French Polynesia","Faaa","89.78","22","2005-06-16 01:28:22","2006-02-14 15:16:03","4"
"Judy Gray","Algeria","Bchar","89.77","23","2005-06-16 01:57:15","2006-02-14 15:16:03","4"
"Lillie Kim","Egypt","Idfu","89.77","23","2005-06-17 10:58:53","2005-08-23 15:03:58","3"
"Edgar Rhoads","Turkey","Eskisehir","89.77","23","2005-06-15 10:06:15","2005-08-22 23:04:21","3"
"Jackie Lynch","Colombia","Buenaventura","89.77","23","2005-06-15 21:50:32","2005-08-22 09:33:08","3"
"Bertha Ferguson","Nigeria","Ondo","89.77","23","2005-06-17 17:45:09","2005-08-22 23:26:32","3"
"Rebecca Scott","Japan","Kurashiki","89.76","24","2005-06-17 04:29:58","2005-08-21 20:54:32","3"
"Darrell Power","Canada","Halifax","89.76","24","2005-06-15 08:27:33","2005-08-22 14:23:11","3"
"Lawrence Lawton","Cameroon","Yaound","89.71","29","2005-06-18 12:53:25","2006-02-14 15:16:03","4"
"Dora Medina","China","Tianjin","88.81","19","2005-06-15 02:21:46","2005-08-22 14:33:50","3"
"Stella Moreno","Mexico","Coacalco de Berriozbal","88.81","19","2005-06-18 07:23:17","2005-08-23 13:45:44","3"
"Aaron Selby","Congo, The Democratic Republic of the","Mwene-Ditu","88.80","20","2005-06-15 16:38:53","2005-08-23 02:46:13","3"
"Anna Hill","Italy","Alessandria","88.80","20","2005-06-15 09:46:33","2006-02-14 15:16:03","4"
"Mildred Bailey","India","Jaipur","88.78","22","2005-06-15 21:18:16","2006-02-14 15:16:03","4"
"Glenn Pullen","Netherlands","Amersfoort","88.78","22","2005-06-17 02:01:37","2005-08-23 19:27:04","3"
"Georgia Jacobs","India","Uttarpara-Kotrung","88.77","23","2005-06-18 17:32:08","2005-08-22 22:51:13","3"
"Heather Morris","Japan","Nagareyama","88.76","24","2005-06-17 09:10:09","2006-02-14 15:16:03","4"
"Pauline Henry","Mexico","Torren","88.75","25","2005-06-16 00:17:39","2005-08-23 21:07:59","3"
"Theresa Watson","Philippines","Taguig","88.73","27","2005-06-18 07:46:34","2005-08-22 13:57:55","3"
"Donna Thompson","Russian Federation","Elista","87.82","18","2005-06-18 00:17:58","2005-08-23 12:41:38","3"
"Tara Ryan","Indonesia","Gorontalo","87.81","19","2005-06-15 03:24:14","2005-08-23 20:27:34","3"
"Kurt Emmons","Japan","Kanazawa","87.80","20","2005-06-17 12:44:39","2005-08-22 03:57:08","3"
"Harvey Guajardo","Vietnam","Vinh","87.80","20","2005-06-16 15:29:47","2005-08-22 09:41:09","3"
"Richard Mccrary","United States","Arlington","87.80","20","2005-07-07 14:22:45","2005-08-23 06:59:07","2"
"Derrick Bourque","Canada","Gatineau","87.80","20","2005-06-16 11:54:25","2006-02-14 15:16:03","4"
"Loretta Carpenter","Canada","Oshawa","87.79","21","2005-06-16 01:15:59","2005-08-23 21:04:51","3"
"Maureen Little","Paraguay","Asuncin","87.79","21","2005-06-21 16:58:50","2005-08-23 22:06:15","3"
"Charlotte Hunter","Brazil","guas Lindas de Gois","87.78","22","2005-06-16 07:55:01","2005-08-23 13:29:08","3"
"Jack Foust","Russian Federation","Zeleznogorsk","87.77","23","2005-06-16 20:04:50","2005-08-23 13:01:43","3"
"Freddie Duggan","Peru","Sullana","87.77","23","2005-06-18 14:59:39","2006-02-14 15:16:03","4"
"Raul Fortier","India","Chapra","86.82","18","2005-06-15 07:21:21","2005-08-23 19:46:39","3"
"Vanessa Sims","Germany","Siegen","86.81","19","2005-07-07 13:01:35","2005-08-23 22:19:33","2"
"Lewis Lyman","Israel","Ashqelon","86.81","19","2005-06-16 14:08:44","2005-08-23 11:22:09","3"
"Nellie Garrett","India","Shimoga","86.81","19","2005-06-15 01:58:50","2005-08-23 01:05:00","3"
"Ruben Geary","Poland","Lublin","86.81","19","2005-06-21 01:50:29","2005-08-23 10:20:35","3"
"Erica Matthews","China","Pingxiang","86.80","20","2005-06-17 12:52:58","2005-08-23 09:33:22","3"
"Kelly Torres","China","Xiangtan","86.80","20","2005-06-17 15:57:56","2005-08-22 11:19:22","3"
"Agnes Bishop","India","Sambhal","86.79","21","2005-06-15 10:55:09","2005-08-22 19:02:48","3"
"Constance Reid","Nigeria","Zaria","86.77","23","2005-06-16 07:14:13","2005-08-23 04:33:39","3"
"Peggy Myers","Saudi Arabia","Abha","86.77","23","2005-07-09 00:02:46","2006-02-14 15:16:03","3"
"Chad Carbone","India","Katihar","86.76","24","2005-06-19 18:52:37","2005-08-23 13:33:46","3"
"Ian Still","United States","Garland","86.75","25","2005-06-15 01:24:20","2006-02-14 15:16:03","4"
"Lucy Wheeler","India","Balurghat","86.75","25","2005-06-16 20:36:00","2006-02-14 15:16:03","4"
"Allison Stanley","Cambodia","Phnom Penh","86.75","25","2005-06-18 06:59:51","2006-02-14 15:16:03","4"
"Wendy Harrison","Mexico","Nezahualcyotl","86.73","27","2005-06-15 13:37:38","2006-02-14 15:16:03","4"
"Randall Neumann","Dominican Republic","La Romana","85.80","20","2005-06-18 04:23:54","2005-08-22 07:52:18","3"
"Alfredo Mcadams","Russian Federation","Serpuhov","85.80","20","2005-06-19 12:58:53","2005-08-23 06:18:43","3"
"Willie Markham","Argentina","Almirante Brown","85.78","22","2005-06-15 11:25:06","2006-02-14 15:16:03","4"
"Victor Barkley","United States","Manchester","85.78","22","2005-06-18 15:27:47","2005-08-23 18:44:21","3"
"Jon Wiles","Bolivia","El Alto","85.78","22","2005-06-15 15:18:08","2005-08-23 02:25:09","3"
"Kimberly Lee","Argentina","Crdoba","85.77","23","2005-06-16 14:39:31","2005-08-22 21:28:59","3"
"Jane Bennett","Brazil","Araatuba","85.77","23","2005-06-16 14:11:24","2005-08-22 21:34:00","3"
"Susan Wilson","New Zealand","Hamilton","85.77","23","2005-06-15 09:59:16","2005-08-23 14:31:19","3"
"Jay Robb","Indonesia","Surakarta","85.75","25","2005-06-16 08:33:39","2006-02-14 15:16:03","4"
"Lonnie Tirado","Indonesia","Pangkal Pinang","84.84","16","2005-06-19 07:16:20","2005-08-22 07:20:55","3"
"Julio Noland","Ukraine","Konotop","84.81","19","2005-06-17 20:48:30","2005-08-23 20:41:09","3"
"Doris Reed","Russian Federation","Balaiha","84.81","19","2005-06-16 21:53:05","2005-08-22 19:37:20","3"
"Bonnie Hughes","South Korea","Cheju","84.80","20","2005-06-15 18:30:00","2005-08-23 17:13:01","3"
"Mathew Bolin","Venezuela","Valencia","84.80","20","2005-06-15 08:25:33","2005-08-22 21:24:19","3"
"James Gannon","Japan","Hiroshima","84.79","21","2005-07-06 00:00:03","2005-08-22 04:26:34","2"
"Jennifer Davis","United States","Laredo","84.75","25","2005-06-16 03:41:38","2005-08-23 06:41:32","3"
"Eva Ramos","United States","Clarksville","83.82","18","2005-06-16 04:51:18","2005-08-23 15:47:02","3"
"Corey Hauser","Turkey","Gaziantep","83.81","19","2005-06-15 13:13:36","2005-08-23 05:38:41","3"
"Leslie Gordon","Turkey","Kilis","83.80","20","2005-06-17 04:28:11","2005-08-23 21:54:02","3"
"Bernard Colby","India","Dhule (Dhulia)","83.79","21","2005-07-07 16:37:23","2006-02-14 15:16:03","3"
"Wade Delvalle","Switzerland","Lausanne","83.78","22","2005-06-20 10:10:29","2005-08-23 00:44:15","3"
"Patrick Newsom","Vietnam","Hanoi","83.77","23","2005-07-08 00:27:30","2005-08-22 22:25:17","2"
"Tyler Wren","China","Rizhao","82.81","19","2005-06-19 04:04:46","2006-02-14 15:16:03","4"
"Bob Pfeiffer","China","Xintai","82.78","22","2005-06-16 13:59:42","2005-08-22 10:22:00","3"
"Gene Sanborn","Oman","Salala","82.76","24","2005-06-15 06:06:33","2005-08-19 03:46:43","3"
"Jared Ely","Indonesia","Purwakarta","81.83","17","2005-06-15 09:59:24","2005-08-22 16:33:39","3"
"Vernon Chapa","Turkey","Denizli","81.83","17","2005-06-19 23:11:49","2005-08-19 03:10:21","3"
"Thomas Grigsby","United States","Kansas City","81.81","19","2005-07-07 00:08:18","2005-08-23 15:03:13","2"
"Jason Morrissey","Argentina","Baha Blanca","81.81","19","2005-07-05 23:05:44","2005-08-23 10:23:48","2"
"Yvonne Watkins","Venezuela","Ocumare del Tuy","81.81","19","2005-06-16 03:13:20","2005-08-23 20:06:23","3"
"Mark Rinehart","Saudi Arabia","Tabuk","81.80","20","2005-07-06 13:04:35","2005-08-23 16:44:31","2"
"Lorraine Stephens","China","Hami","81.80","20","2005-06-17 12:03:01","2005-08-23 15:23:50","3"
"Christian Jung","India","Amroha","81.78","22","2005-06-16 06:36:33","2006-02-14 15:16:03","4"
"Barbara Jones","Myanmar","Myingyan","81.78","22","2005-06-15 09:31:28","2005-08-23 07:43:00","3"
"Cory Meehan","Belarus","Mogiljov","81.76","24","2005-06-15 16:28:42","2006-02-14 15:16:03","4"
"Jessie Banks","Bulgaria","Stara Zagora","81.76","24","2005-06-15 14:59:06","2006-02-14 15:16:03","4"
"Megan Palmer","China","Laiwu","81.75","25","2005-06-18 20:51:34","2005-08-23 20:31:38","3"
"Paul Trout","Russian Federation","Kursk","80.85","15","2005-07-08 18:09:08","2005-08-23 21:34:33","2"
"Oscar Aquino","Iran","Sirjan","80.83","17","2005-06-15 09:17:20","2005-08-22 06:37:43","3"
"Eileen Carr","Paraguay","Ciudad del Este","80.82","18","2005-06-15 04:49:08","2005-08-22 23:54:14","3"
"Steven Curley","India","Miraj","80.81","19","2005-07-07 20:32:30","2005-08-23 15:34:49","2"
"Vivian Ruiz","Netherlands","s-Hertogenbosch","80.80","20","2005-06-17 09:38:08","2005-08-23 06:56:18","3"
"Kristina Chambers","Venezuela","Valle de la Pascua","80.78","22","2005-07-07 02:57:59","2005-08-20 08:57:51","2"
"Becky Miles","India","Tambaram","80.78","22","2005-07-08 19:31:02","2006-02-14 15:16:03","3"
"Keith Rico","Slovakia","Bratislava","80.77","23","2005-06-15 05:11:19","2005-08-23 16:22:20","3"
"Roland South","China","Yingkou","80.77","23","2005-06-16 17:49:57","2006-02-14 15:16:03","4"
"Edna West","South Africa","Klerksdorp","79.81","19","2005-06-16 04:28:45","2005-08-23 09:23:36","3"
"David Royal","Peru","Callao","79.81","19","2005-07-08 00:12:53","2005-08-22 06:05:38","2"
"Jenny Castro","Puerto Rico","Ponce","79.80","20","2005-07-06 09:09:19","2006-02-14 15:16:03","3"
"Roberta Harper","Iran","Shahr-e Kord","79.80","20","2005-06-18 19:44:08","2005-08-21 14:51:35","3"
"Jesse Schilling","Congo, The Democratic Republic of the","Lubumbashi","79.78","22","2005-06-15 20:38:14","2005-08-22 07:16:36","3"
"Clarence Gamez","Japan","Izumisano","79.75","25","2005-06-15 04:18:10","2005-08-21 09:55:47","3"
"Frederick Isbell","Japan","Tsuyama","78.84","16","2005-06-16 19:20:24","2005-08-21 14:04:39","3"
"Austin Cintron","China","Tieli","78.82","18","2005-06-18 06:29:53","2005-08-23 11:25:00","3"
"Carol Garcia","Nigeria","Kaduna","78.81","19","2005-06-15 19:30:18","2005-08-20 01:29:29","3"
"Dennis Gilman","South Africa","Paarl","78.80","20","2005-07-06 00:50:30","2005-08-22 15:26:29","2"
"Margaret Moore","Oman","Masqat","78.80","20","2005-06-20 19:59:28","2006-02-14 15:16:03","4"
"Joan Cooper","United States","Saint Louis","78.79","21","2005-06-15 04:59:43","2005-08-23 06:11:52","3"
"Erika Pena","Finland","Oulu","78.79","21","2005-07-05 23:08:53","2005-08-23 08:13:26","2"
"Colleen Burton","Germany","Saarbrcken","78.78","22","2005-06-16 11:11:01","2006-02-14 15:16:03","4"
"Ricky Shelby","China","Junan","78.77","23","2005-06-15 18:57:51","2005-08-22 13:19:25","3"
"Melinda Fernandez","Pakistan","Mandi Bahauddin","77.84","16","2005-06-16 23:22:22","2005-08-23 08:52:50","3"
"Luis Yanez","France","Brest","77.81","19","2005-06-15 01:25:08","2005-08-23 00:11:52","3"
"Emma Boyd","Egypt","Qalyub","77.81","19","2005-06-16 07:08:38","2005-08-23 19:42:46","3"
"Chris Brothers","Spain","Gijn","77.80","20","2005-06-15 11:02:45","2006-02-14 15:16:03","4"
"Ernest Stepp","China","Huaian","77.79","21","2005-06-17 09:02:58","2005-08-22 20:20:04","3"
"Rita Graham","France","Toulon","77.78","22","2005-06-15 08:41:38","2005-08-22 15:52:57","3"
"Lydia Burke","Argentina","San Miguel de Tucumn","77.77","23","2005-06-15 16:41:26","2005-08-21 21:02:55","3"
"Marian Mendoza","Brazil","Maring","76.82","18","2005-06-15 19:17:16","2005-08-23 12:26:19","3"
"Phyllis Foster","China","Zalantun","76.80","20","2005-06-18 05:21:56","2005-08-23 17:48:30","3"
"Kim Cruz","United States","Grand Prairie","76.80","20","2005-06-16 17:59:37","2005-08-23 11:33:25","3"
"Pearl Garza","India","Jodhpur","76.78","22","2005-06-15 18:08:14","2005-08-23 19:11:29","3"
"Christina Ramirez","Saudi Arabia","al-Hawiya","75.83","17","2005-06-18 20:32:40","2005-08-23 07:06:38","3"
"Leah Curtis","Poland","Kalisz","75.81","19","2005-07-06 00:11:28","2005-08-23 07:10:22","2"
"Samuel Marlow","India","Ranchi","75.80","20","2005-06-15 19:51:06","2005-08-20 20:16:35","3"
"Clayton Barbee","Brazil","Alvorada","75.79","21","2005-06-17 16:19:39","2005-08-22 22:57:25","3"
"Darryl Ashcraft","Argentina","Ezeiza","75.78","22","2005-06-15 07:52:35","2006-02-14 15:16:03","4"
"Ida Andrews","Brazil","Luzinia","75.78","22","2005-06-15 08:13:57","2005-08-20 03:35:16","3"
"Kristen Chavez","Japan","Hino","74.84","16","2005-06-15 18:24:55","2005-08-23 18:43:22","3"
"Allen Butterfield","India","Hoshiarpur","74.83","17","2005-06-21 06:59:11","2006-02-14 15:16:03","4"
"Dwight Lombardi","South Africa","Chatsworth","74.83","17","2005-06-21 02:30:37","2005-08-22 11:58:58","3"
"Larry Thrasher","Turkey","Adana","74.81","19","2005-07-07 23:08:22","2006-02-14 15:16:03","3"
"Jacob Lance","United States","El Monte","74.80","20","2005-06-19 11:42:04","2005-08-23 06:21:20","3"
"Irene Price","Kazakstan","Pavlodar","74.79","21","2005-06-15 21:27:42","2005-08-23 05:17:23","3"
"April Burns","United Kingdom","Dundee","74.77","23","2005-06-15 07:29:30","2006-02-14 15:16:03","4"
"Antonio Meek","Brazil","Bag","73.85","15","2005-06-15 03:50:36","2005-08-22 15:56:42","3"
"Toni Holt","United States","Roanoke","73.83","17","2005-07-06 00:43:06","2005-08-23 08:54:26","2"
"Danny Isom","Pakistan","Okara","73.82","18","2005-06-20 07:29:15","2005-08-23 01:25:30","3"
"Rachel Barnes","Japan","Kamakura","73.81","19","2005-06-20 16:17:56","2005-08-21 03:14:27","3"
"Herbert Kruger","Russian Federation","Syktyvkar","73.81","19","2005-06-15 03:50:03","2005-08-17 00:40:03","3"
"Alicia Mills","India","Nagaon","73.81","19","2005-06-20 01:26:26","2006-02-14 15:16:03","4"
"Lance Pemberton","Morocco","Beni-Mellal","73.80","20","2005-06-16 15:00:14","2005-08-23 13:46:27","3"
"Enrique Forsythe","Greece","Patras","73.78","22","2005-06-16 08:58:18","2006-02-14 15:16:03","4"
"Gregory Mauldin","Tunisia","Sousse","73.78","22","2005-07-06 05:30:09","2006-02-14 15:16:03","3"
"Norman Currier","Indonesia","Cianjur","73.76","24","2005-06-17 10:31:37","2006-02-14 15:16:03","4"
"Paula Bryant","India","Pathankot","72.83","17","2005-06-15 00:12:51","2005-08-21 03:51:52","3"
"Armando Gruber","United Kingdom","Southport","72.82","18","2005-06-17 18:12:16","2005-08-23 05:24:09","3"
"Timothy Bunn","Brazil","Braslia","72.82","18","2005-07-09 23:10:49","2005-08-22 08:27:27","2"
"Anne Powell","United Kingdom","Bradford","72.79","21","2005-06-16 12:06:57","2005-08-20 10:25:12","3"
"Robert Baughman","Russian Federation","Kaliningrad","71.85","15","2005-07-07 17:44:22","2005-08-22 18:39:11","2"
"Delores Hansen","Russian Federation","Jaroslavl","71.84","16","2005-06-15 14:27:47","2005-08-21 08:58:38","3"
"Norma Gonzales","Philippines","Bislig","71.81","19","2005-06-15 03:14:05","2006-02-14 15:16:03","4"
"Ray Houle","Russian Federation","Dzerzinsk","71.80","20","2005-06-15 02:27:08","2005-08-22 09:11:48","3"
"Billie Horton","Turkey","Inegl","71.79","21","2005-07-06 13:31:37","2005-08-23 21:30:45","2"
"Samantha Duncan","Mexico","Matamoros","71.77","23","2005-06-15 16:12:50","2005-08-22 03:55:02","3"
"Eugene Culpepper","China","Shenzhen","70.82","18","2005-06-16 07:48:50","2005-08-22 06:52:49","3"
"Irma Pearson","Philippines","Hagonoy","70.82","18","2005-06-15 04:31:28","2005-08-21 17:45:21","3"
"Wayne Truong","India","Gulbarga","70.81","19","2005-06-15 01:05:32","2005-08-23 20:13:31","3"
"William Satterfield","Yemen","Sanaa","70.81","19","2005-07-09 08:04:59","2005-08-23 02:55:42","2"
"Edith Mcdonald","India","Gandhinagar","69.83","17","2005-06-16 17:18:44","2005-08-23 00:26:52","3"
"Fred Wheat","Mexico","Jurez","69.79","21","2005-06-15 03:44:25","2006-02-14 15:16:03","4"
"Franklin Troutman","China","Zaoyang","69.79","21","2005-06-16 12:30:19","2005-08-23 13:26:01","3"
"Daniel Cabral","Brazil","Ibirit","68.87","13","2005-07-06 16:01:16","2005-08-22 06:53:21","2"
"Floyd Gandy","Mexico","Zapopan","68.84","16","2005-06-15 12:12:42","2005-08-23 16:08:15","3"
"Adrian Clary","Italy","Udine","68.82","18","2005-06-16 18:12:54","2006-02-14 15:16:03","4"
"Terry Grissom","Japan","Matsue","68.81","19","2005-06-15 21:39:54","2006-02-14 15:16:03","4"
"Felicia Sutton","China","Korla","68.77","23","2005-07-06 01:32:27","2005-08-23 15:29:41","2"
"Ann Evans","Russian Federation","Niznekamsk","67.86","14","2005-06-16 12:18:41","2005-08-22 17:27:23","3"
"Jerome Kenyon","Chile","Rancagua","67.86","14","2005-06-15 08:01:29","2005-08-23 20:13:38","3"
"Kenneth Gooden","Israel","Bat Yam","67.86","14","2005-07-07 01:46:44","2006-02-14 15:16:03","3"
"Vera Mccoy","Afghanistan","Kabul","67.82","18","2005-06-15 20:25:53","2005-08-23 05:30:19","3"
"Jeanette Greene","Russian Federation","Novoterkassk","66.82","18","2005-06-14 23:54:46","2006-02-14 15:16:03","4"
"Lloyd Dowd","Indonesia","Tegal","66.81","19","2005-06-19 08:42:12","2005-08-23 06:44:19","3"
"Alberto Henning","Venezuela","Barcelona","66.79","21","2005-06-16 10:07:10","2006-02-14 15:16:03","4"
"Kay Caldwell","China","Yantai","65.87","13","2005-07-09 03:44:15","2005-08-20 16:07:55","2"
"Jeffrey Spear","Indonesia","Ciparay","65.83","17","2005-07-09 22:13:25","2005-08-23 16:17:09","2"
"Jonathan Scarborough","Mexico","Pachuca de Soto","65.83","17","2005-06-15 13:30:30","2005-08-23 09:23:08","3"
"Marvin Yee","India","Berhampore (Baharampur)","65.81","19","2005-06-17 21:00:44","2005-08-23 09:23:45","3"
"Joann Gardner","Turkey","Tarsus","64.85","15","2005-06-16 14:28:33","2005-08-20 00:30:51","3"
"Henry Billingsley","Tonga","Nukualofa","64.84","16","2005-06-15 12:26:18","2005-08-22 16:55:26","3"
"Jose Andrew","Saint Vincent and the Grenadines","Kingstown","64.82","18","2005-07-06 18:44:24","2005-08-19 01:38:18","2"
"Donald Mahon","China","Ezhou","63.84","16","2005-07-08 04:36:35","2005-08-23 05:24:29","2"
"Allan Cornish","Philippines","Tarlac","63.84","16","2005-06-15 11:07:39","2006-02-14 15:16:03","4"
"Juan Fraley","Russian Federation","Teboksary","63.79","21","2005-06-17 11:56:09","2005-08-23 14:35:10","3"
"Felix Gaffney","Lithuania","Vilnius","63.78","22","2005-06-16 10:17:19","2006-02-14 15:16:03","4"
"Lester Kraus","India","Kanchrapara","62.85","15","2005-06-16 12:24:28","2005-08-23 19:22:36","3"
"Nelson Christenson","Spain","Santiago de Compostela","62.84","16","2005-06-17 15:07:30","2005-08-21 11:40:46","3"
"Tony Carranza","Japan","Koriyama","61.82","18","2005-07-07 04:04:26","2005-08-23 18:23:11","2"
"Scott Shelley","United States","Aurora","60.82","18","2005-07-06 05:25:03","2006-02-14 15:16:03","3"
"Anita Morales","India","Hubli-Dharwad","59.86","14","2005-06-17 19:14:30","2005-08-23 00:34:28","3"
"Lauren Hudson","France","Le Mans","59.83","17","2005-06-15 12:21:56","2006-02-14 15:16:03","4"
"Jill Hawkins","Austria","Linz","58.83","17","2005-06-16 12:40:28","2005-08-22 16:14:25","3"
"Annie Russell","Mozambique","Tete","58.82","18","2005-06-17 17:14:00","2005-08-22 08:20:15","3"
"Mattie Hoffman","United Kingdom","London","58.80","20","2005-06-15 16:21:04","2006-02-14 15:16:03","4"
"Katherine Rivera","Switzerland","Basel","57.87","13","2005-07-27 02:50:15","2005-08-23 09:35:34","2"
"Sheila Wells","Turkey","Ktahya","57.86","14","2005-06-18 11:00:05","2005-08-23 21:45:02","3"
"Johnny Turpin","Sudan","al-Qadarif","57.81","19","2005-06-15 07:30:22","2005-08-23 19:54:24","3"
"Penny Neal","India","Kumbakonam","56.84","16","2005-07-06 07:12:26","2005-08-22 17:48:42","2"
"Jo Fowler","Nigeria","Oyo","54.85","15","2005-06-18 17:59:18","2005-08-22 17:52:05","3"
"Bobbie Craig","Mexico","Valle de Santiago","52.81","19","2005-07-06 22:07:33","2005-08-22 12:41:33","2"
"Kirk Stclair","Taiwan","Tsaotun","50.83","17","2005-06-15 06:42:25","2005-08-23 09:40:04","3"
"Tiffany Jordan","China","Enshi","49.88","12","2005-06-16 00:32:52","2005-08-22 22:28:36","3"
"Anthony Schwab","American Samoa","Tafuna","47.85","15","2005-07-06 00:57:29","2005-08-22 19:44:53","2"
"Caroline Bowman","United States","Tallahassee","37.87","13","2005-06-17 16:07:08","2005-08-22 03:58:29","3"
"Leona Obrien","China","Fuzhou","32.90","10","2005-07-08 07:15:14","2005-08-21 03:40:40","2"
"Brian Wyman","Poland","Bydgoszcz","27.93","7","2005-07-06 11:33:37","2005-08-21 06:34:05","2"
